GuestIDCardNumber,AccommodationID,Rating,Comment
2664452964,ACM000000346,*****,Upgradable next generation matrices
6058703131,ACM000000388,****,Centralized methodical support
7450875441,ACM000000096,***,
8610731787,ACM000000022,****,Quality-focused upward-trending synergy
8610731787,ACM000000122,****,
8610731787,ACM000000518,****,
8610731787,ACM000000567,****,Total bandwidth-monitored analyzer
14314548443,ACM000000676,****,Organized upward-trending groupware
21313553407,ACM000000022,*****,Decentralized multimedia functionalities
21313553407,ACM000000633,**,Down-sized national archive
21313553407,ACM000000650,**,Switchable systemic moratorium
21616295528,ACM000000321,*,Progressive fault-tolerant Graphical User Interface
22091385331,ACM000000988,****,
22319728669,ACM000000588,****,
22884163266,ACM000000453,*****,Switchable executive model
23392533823,ACM000000759,***,Triple-buffered directional installation
26969742275,ACM000000483,****,Re-engineered grid-enabled moratorium
28443942199,ACM000000993,****,Extended grid-enabled groupware
31464697744,ACM000000789,****,Extended mission-critical algorithm
33046123382,ACM000000269,****,
40646404415,ACM000000759,***,Profit-focused 6th generation hub
49122282772,ACM000000921,****,Virtual logistical throughput
49282576851,ACM000000486,***,
49282576851,ACM000000723,**,Extended needs-based frame
50190042106,ACM000000102,****,
50747065775,ACM000000398,****,Face to face 6th generation access
51422207075,ACM000000282,****,Reduced zero defect customer loyalty
54641483041,ACM000000917,****,
56653586952,ACM000000568,****,Decentralized composite firmware
58270731920,ACM000000407,*****,
58939288512,ACM000000552,****,
59425985482,ACM000000269,****,De-engineered incremental instruction set
61802481060,ACM000000267,****,Progressive homogeneous database
61802481060,ACM000000818,****,Robust optimizing toolset
67493694406,ACM000000962,****,
67750567715,ACM000000207,****,Fundamental object-oriented hub
67750567715,ACM000000260,****,Open-source impactful internet solution
67750567715,ACM000000769,****,Synchronised impactful structure
69187462471,ACM000000988,*****,
71397950460,ACM000000394,****,Open-architected value-added project
72272864820,ACM000000400,****,
72272864820,ACM000000496,****,Re-contextualized actuating algorithm
72272864820,ACM000000836,***,Triple-buffered coherent installation
73930000590,ACM000000608,****,Assimilated mobile knowledge user
76744658358,ACM000000690,****,
80097535018,ACM000000798,***,Persevering fresh-thinking secured line
80635159400,ACM000000982,****,Stand-alone uniform matrix
82609090735,ACM000000514,*****,Ergonomic next generation website
82609090735,ACM000000839,*****,Front-line explicit structure
83753416799,ACM000000962,**,Polarised coherent extranet
84061679268,ACM000000704,***,Fundamental asynchronous portal
84105085528,ACM000000211,***,User-centric optimizing paradigm
91410124752,ACM000000726,****,Grass-roots zero defect knowledge base
92692876596,ACM000000024,****,Networked tertiary benchmark
93552378623,ACM000000822,***,
93881078039,ACM000000599,****,
93881078039,ACM000000903,***,
95389119486,ACM000000313,***,Open-architected heuristic encryption
95389119486,ACM000000596,*,Versatile bandwidth-monitored implementation
96661773721,ACM000000438,****,Up-sized context-sensitive complexity
105877071806,ACM000000100,*****,User-friendly holistic data-warehouse
107997324043,ACM000000022,****,
108196689462,ACM000000056,*****,Universal upward-trending standardization
110077588124,ACM000000025,***,Centralized web-enabled monitoring
110077588124,ACM000000288,*****,Business-focused context-sensitive open architecture
110306035408,ACM000000452,****,Persevering human-resource service-desk
111315654872,ACM000000263,***,Optimized regional benchmark
117153955785,ACM000000617,****,
117153955785,ACM000000673,*****,Realigned impactful conglomeration
117153955785,ACM000000674,****,Function-based dedicated neural-net
119071605011,ACM000000124,****,User-centric discrete superstructure
119177285955,ACM000000013,***,Cross-group didactic initiative
125445596171,ACM000000094,**,Profound modular extranet
125900493445,ACM000000546,*****,
126043817972,ACM000000164,*****,
126043817972,ACM000000935,****,Cross-platform 5th generation knowledge user
126043817972,ACM000000952,****,Re-engineered didactic knowledge user
128330324024,ACM000000248,*****,
128330324024,ACM000000964,****,Implemented content-based local area network
131803151724,ACM000000420,*****,Innovative dynamic complexity
131940202651,ACM000000654,***,Synergized bottom-line standardization
134755019307,ACM000000141,*****,
136672719269,ACM000000214,****,Sharable web-enabled middleware
136672719269,ACM000000229,*****,Synchronised real-time hub
136672719269,ACM000000613,*,Self-enabling non-volatile framework
136672719269,ACM000000790,**,Total bi-directional hierarchy
138394378797,ACM000000262,****,Cloned next generation moderator
140233254693,ACM000000884,***,Versatile static internet solution
143575788653,ACM000000050,****,Multi-layered clear-thinking help-desk
143575788653,ACM000000728,****,
143575788653,ACM000000771,***,
144351757149,ACM000000159,****,
144351757149,ACM000000216,****,
144351757149,ACM000000243,***,Triple-buffered bi-directional monitoring
145544650478,ACM000000481,***,
154994897151,ACM000000137,****,Cross-platform transitional matrices
155034065160,ACM000000870,***,Virtual optimal secured line
155129505824,ACM000000542,****,Persevering solution-oriented workforce
155129505824,ACM000000714,***,
155129505824,ACM000000790,****,Function-based holistic local area network
157426904874,ACM000000116,*****,
157426904874,ACM000000411,****,Compatible discrete moratorium
157426904874,ACM000000933,**,Inverse web-enabled info-mediaries
157838770911,ACM000000232,***,
161512352517,ACM000000867,*,Down-sized didactic customer loyalty
164878207122,ACM000000326,***,Stand-alone global system engine
165326944054,ACM000000177,***,Persistent client-driven initiative
165326944054,ACM000000207,****,
167298411764,ACM000000886,****,Profit-focused leading edge projection
168411192624,ACM000000117,***,Adaptive impactful alliance
168503646531,ACM000000474,***,
172531438418,ACM000000602,****,Seamless maximized circuit
180718328673,ACM000000247,***,Organized tertiary standardization
186800744271,ACM000000196,**,
186800744271,ACM000000546,***,
187040968153,ACM000000454,**,Reverse-engineered non-volatile website
189402509102,ACM000000837,***,Optional user-facing initiative
189852212423,ACM000000413,*****,Open-source dynamic moderator
191286579561,ACM000000492,****,Right-sized transitional architecture
191286579561,ACM000000929,****,Cross-group value-added functionalities
193145279849,ACM000000299,***,Open-architected logistical flexibility
193145279849,ACM000000427,*****,Balanced heuristic internet solution
193188059917,ACM000000808,***,Polarised systematic database
193706033145,ACM000000056,*,Focused tertiary alliance
193706033145,ACM000000395,***,
193706033145,ACM000000432,*****,Secured value-added success
194412410885,ACM000000571,****,Compatible context-sensitive hub
194412410885,ACM000000929,***,
200281132806,ACM000000890,*****,Devolved holistic function
200385978246,ACM000000839,***,Adaptive secondary encoding
205302159838,ACM000000694,*****,Triple-buffered impactful solution
207770243823,ACM000000597,***,
208210910181,ACM000000052,***,User-centric content-based application
208210910181,ACM000000464,***,Upgradable real-time model
208210910181,ACM000000896,***,Open-architected actuating success
212976053077,ACM000000896,**,
213483416750,ACM000000709,****,
213520331891,ACM000000886,*****,Secured background application
216841986249,ACM000000890,****,
217247405664,ACM000001000,*****,Right-sized full-range installation
220372018447,ACM000000788,****,Future-proofed coherent functionalities
220581828911,ACM000000276,*****,User-centric empowering secured line
226720845391,ACM000000088,****,Enterprise-wide bi-directional encoding
226720845391,ACM000000393,*,Vision-oriented composite infrastructure
226720845391,ACM000000916,***,
227303443940,ACM000000218,***,Multi-tiered 6th generation installation
227359156684,ACM000000364,****,Customizable didactic projection
227359156684,ACM000000735,****,Organic 6th generation adapter
228297336202,ACM000000067,****,Managed solution-oriented infrastructure
234545752000,ACM000000121,*****,Vision-oriented intermediate paradigm
234545752000,ACM000000206,****,
234545752000,ACM000000424,****,Switchable modular implementation
235676639768,ACM000000221,**,Digitized zero tolerance knowledge user
238739188216,ACM000000506,*****,Integrated fresh-thinking functionalities
239334541689,ACM000000221,****,Object-based stable contingency
239334541689,ACM000000414,****,Public-key attitude-oriented utilisation
240070977309,ACM000000998,****,Up-sized high-level model
241528474294,ACM000000575,*****,
241912971751,ACM000000389,**,
247365815105,ACM000000003,****,Realigned reciprocal matrix
249289558295,ACM000000588,*,
249289558295,ACM000000971,*****,
262239594109,ACM000000482,*****,
269726115866,ACM000000165,*****,Profit-focused empowering data-warehouse
273064703188,ACM000000009,****,Operative 4th generation adapter
273910697116,ACM000000134,*,
273910697116,ACM000000275,****,Vision-oriented heuristic application
273910697116,ACM000000373,****,Integrated user-facing installation
273910697116,ACM000000920,***,Customer-focused uniform process improvement
274365559344,ACM000000472,****,
274365559344,ACM000000582,*****,Vision-oriented encompassing open architecture
277930978021,ACM000000533,****,Up-sized solution-oriented focus group
277930978021,ACM000000614,****,
284470538118,ACM000000136,*****,Business-focused clear-thinking support
285451491039,ACM000000381,****,Organized demand-driven pricing structure
285451491039,ACM000000814,****,Triple-buffered homogeneous forecast
291753986898,ACM000000025,*****,
291853891796,ACM000000199,*****,Reactive grid-enabled frame
291853891796,ACM000000568,*****,Re-contextualized optimizing service-desk
293797799933,ACM000000492,*****,
299702711430,ACM000000116,***,
300624490777,ACM000000723,****,Customizable non-volatile Graphical User Interface
301832955774,ACM000000381,*****,User-friendly impactful encoding
302573055221,ACM000000009,*****,
302573055221,ACM000000588,****,User-friendly uniform internet solution
302573055221,ACM000000871,****,Virtual well-modulated process improvement
307286854093,ACM000000326,*****,Enterprise-wide leading edge instruction set
315628922630,ACM000000941,****,Innovative object-oriented workforce
324768090941,ACM000000669,****,Persevering static workforce
326739875355,ACM000000222,*****,Fully-configurable system-worthy model
326739875355,ACM000000727,****,Enterprise-wide executive groupware
327726409697,ACM000000501,*,
327726409697,ACM000000834,***,Compatible 24/7 challenge
327726409697,ACM000000983,****,Object-based exuding workforce
329938746424,ACM000000871,***,Operative system-worthy budgetary management
333714515542,ACM000000239,***,
333714515542,ACM000000520,***,Persevering local help-desk
333714515542,ACM000000973,****,Function-based 4th generation leverage
334270011444,ACM000000575,****,Up-sized exuding intranet
334270011444,ACM000000903,****,
334457043923,ACM000000529,*****,
340346089771,ACM000000691,***,Networked asynchronous architecture
340439707812,ACM000000174,****,Function-based zero defect policy
340439707812,ACM000000534,****,
341625502953,ACM000000345,****,
342432237439,ACM000000004,***,
342432237439,ACM000000707,*****,
348347108653,ACM000000411,*****,Organic demand-driven secured line
348740173645,ACM000000588,*****,Function-based tertiary contingency
350499621247,ACM000000192,*****,Open-source stable methodology
350499621247,ACM000000595,*****,Open-source well-modulated focus group
350862673853,ACM000000814,****,
352782807920,ACM000000216,*****,Open-source disintermediate core
352782807920,ACM000000674,***,Balanced uniform function
353071188256,ACM000000142,*,Function-based background benchmark
353071188256,ACM000000592,***,Upgradable client-driven methodology
353071188256,ACM000000649,****,
353436663215,ACM000000353,****,Total uniform emulation
365508886328,ACM000000745,***,Customizable client-driven portal
367252786785,ACM000000230,***,Proactive scalable model
373436444456,ACM000000622,**,
373436444456,ACM000000914,****,Team-oriented hybrid functionalities
373441638943,ACM000000241,***,Horizontal asynchronous artificial intelligence
376999482789,ACM000000769,****,Integrated upward-trending functionalities
381128111610,ACM000000727,*****,Expanded client-driven emulation
381323314146,ACM000000573,***,Fundamental interactive system engine
393766506742,ACM000000093,****,
393766506742,ACM000000683,***,Up-sized contextually-based contingency
394710475885,ACM000000410,****,Multi-lateral national policy
398889857720,ACM000000500,***,Versatile system-worthy protocol
399121764364,ACM000000439,****,Cloned neutral forecast
399121764364,ACM000000910,*,Profit-focused dynamic middleware
402694842331,ACM000000178,*****,Inverse directional projection
403077397474,ACM000000834,****,
406916179071,ACM000000592,****,Automated regional hardware
410435473931,ACM000000156,*****,Diverse multimedia toolset
410435473931,ACM000000184,****,
410435473931,ACM000000715,***,
410448929150,ACM000000689,****,Focused stable analyzer
410448929150,ACM000000742,****,
411114391834,ACM000000308,*****,User-friendly well-modulated paradigm
411114391834,ACM000000486,****,
411404555777,ACM000000735,****,Virtual tangible attitude
411636003468,ACM000000589,****,Enterprise-wide object-oriented concept
411636003468,ACM000000731,**,User-centric motivating leverage
420179926598,ACM000000759,*****,Optimized tertiary methodology
421593713120,ACM000000629,*****,Optional fault-tolerant standardization
428103210772,ACM000000460,****,
428103210772,ACM000000810,****,Networked intangible challenge
434243459569,ACM000000122,**,
434463846392,ACM000000897,****,Reactive impactful middleware
434654662496,ACM000000910,***,Self-enabling incremental superstructure
437493277116,ACM000000972,*,
438074672462,ACM000000682,****,Team-oriented modular parallelism
438074672462,ACM000000804,***,Total secondary encryption
440865397975,ACM000000125,***,
443366998051,ACM000000581,****,Persistent clear-thinking infrastructure
443686619728,ACM000000206,***,Ameliorated regional instruction set
445790815188,ACM000000205,***,Enterprise-wide global success
445790815188,ACM000000322,*****,
447749389923,ACM000000443,***,Business-focused modular knowledge base
452060219418,ACM000000444,****,Vision-oriented discrete service-desk
452060219418,ACM000000673,*****,Balanced 24/7 neural-net
452101242355,ACM000000463,***,Managed zero defect time-frame
452359587088,ACM000000119,****,Progressive intangible capacity
452412358633,ACM000000769,*****,Virtual dedicated standardization
455487346871,ACM000000256,****,Progressive grid-enabled forecast
465345368152,ACM000000244,****,
465345368152,ACM000000259,*,
472058391224,ACM000000255,***,
473056004684,ACM000000243,***,
473056004684,ACM000000314,***,Mandatory zero defect policy
475786609387,ACM000000061,*****,Fundamental context-sensitive process improvement
487095122216,ACM000000669,****,Total holistic policy
493887799630,ACM000000477,****,Fundamental upward-trending portal
495304162582,ACM000000373,****,Optimized coherent product
497119322461,ACM000000094,***,
497119322461,ACM000000275,***,
498644631137,ACM000000635,**,Compatible fault-tolerant productivity
500130563497,ACM000000617,****,Implemented optimal groupware
500676387564,ACM000000741,***,
504964446390,ACM000000492,*****,Devolved secondary approach
507052922298,ACM000000915,****,
507577047225,ACM000000264,**,Function-based discrete utilisation
507577047225,ACM000000582,****,
507839606277,ACM000000475,****,Customizable methodical info-mediaries
511748534461,ACM000000089,****,Networked uniform groupware
512726275175,ACM000000330,***,Optional next generation functionalities
519174707220,ACM000000313,****,
521170599327,ACM000000255,***,
521170599327,ACM000000634,*****,Visionary homogeneous software
522359392126,ACM000000239,*****,Ameliorated 4th generation challenge
522359392126,ACM000000581,*,
522828927668,ACM000000751,***,Switchable 24 hour hub
523740410814,ACM000000088,****,
523940631694,ACM000000197,****,
527016402897,ACM000000616,****,Devolved scalable architecture
528480288982,ACM000000550,**,
529934732595,ACM000000917,****,
530843524644,ACM000000649,****,Managed didactic concept
531752180178,ACM000000574,***,Expanded optimal encoding
532098163034,ACM000000529,****,Stand-alone motivating intranet
533763315034,ACM000000205,**,Multi-tiered national toolset
537214708916,ACM000000206,****,Down-sized neutral project
539705626242,ACM000000705,****,
550750980755,ACM000000248,*****,Networked discrete open architecture
550850252534,ACM000000505,****,Cloned analyzing framework
555528146613,ACM000000472,*****,
556345442060,ACM000000811,*,Configurable mission-critical application
556345442060,ACM000000815,*****,Cross-platform coherent task-force
559377771965,ACM000000071,*****,
559377771965,ACM000000201,****,Re-contextualized 6th generation moratorium
561152284789,ACM000000366,****,Diverse solution-oriented focus group
561152284789,ACM000000751,****,Seamless intermediate conglomeration
561230102493,ACM000000439,****,Exclusive composite alliance
561230102493,ACM000000569,*****,
561230102493,ACM000000628,***,Sharable responsive hardware
561712479376,ACM000000247,*,
569052044590,ACM000000815,*****,Implemented attitude-oriented capacity
571328701172,ACM000000511,***,Operative fresh-thinking middleware
571328701172,ACM000000810,***,User-friendly neutral process improvement
572265201020,ACM000000946,*,De-engineered bandwidth-monitored info-mediaries
573181886302,ACM000000308,*****,
578716233163,ACM000000422,****,
579884933554,ACM000000222,***,
579884933554,ACM000000983,****,Profit-focused 24/7 emulation
580343903266,ACM000000689,***,
580435320902,ACM000000121,***,Profit-focused heuristic architecture
587224984547,ACM000000263,****,Cloned 3rd generation help-desk
587224984547,ACM000000690,****,Reduced zero defect ability
600451014521,ACM000000460,****,
600451014521,ACM000000928,*****,Decentralized responsive focus group
603598194576,ACM000000643,****,
605481121894,ACM000000202,***,Profit-focused 4th generation ability
605481121894,ACM000000483,***,
605481121894,ACM000000640,****,Assimilated value-added framework
605672577515,ACM000000045,***,Ergonomic incremental hierarchy
606027913641,ACM000000282,***,Vision-oriented web-enabled challenge
606277934774,ACM000000631,**,Phased client-server complexity
608475129737,ACM000000779,*****,Focused encompassing middleware
609302048980,ACM000000081,***,Customer-focused maximized Graphic Interface
611172066718,ACM000000276,***,Adaptive coherent frame
611678162273,ACM000000072,****,Re-contextualized scalable artificial intelligence
611678162273,ACM000000450,***,Object-based empowering toolset
614863882871,ACM000000452,****,Customer-focused zero tolerance productivity
617984409166,ACM000000995,****,
618173698233,ACM000000839,***,Devolved 5th generation migration
620619699085,ACM000000374,***,
621284307356,ACM000000526,*****,
622713675577,ACM000000638,*,Integrated intangible approach
622713675577,ACM000000682,****,Sharable interactive approach
623318071268,ACM000000927,****,
623961623215,ACM000000582,***,
624374014180,ACM000000188,****,Phased grid-enabled data-warehouse
624626155319,ACM000000330,**,Stand-alone client-server flexibility
625508202322,ACM000000859,****,
627929771309,ACM000000408,****,Enhanced clear-thinking local area network
631099807906,ACM000000176,*****,Optional human-resource attitude
631099807906,ACM000000239,****,Total systematic portal
631099807906,ACM000000269,****,Operative dynamic application
631099807906,ACM000000591,****,
635822811737,ACM000000884,****,Realigned value-added implementation
636895926451,ACM000000822,***,
638188837730,ACM000000001,****,
638383653612,ACM000000311,***,Versatile secondary support
640693047608,ACM000000036,***,Operative grid-enabled installation
640693047608,ACM000000727,***,Object-based foreground complexity
642138159650,ACM000000916,****,Innovative reciprocal collaboration
642821455381,ACM000000737,****,
645148642577,ACM000000474,*****,
647535002658,ACM000000234,*****,
651350804816,ACM000000192,*****,
653809577245,ACM000000977,****,Customizable contextually-based monitoring
654516207433,ACM000000882,****,
657775644522,ACM000000919,****,Multi-channelled next generation encoding
659662162076,ACM000000975,****,
659713618314,ACM000000462,****,
660154721433,ACM000000451,*****,Adaptive methodical customer loyalty
661610870310,ACM000000764,*,
661752637108,ACM000000072,****,Managed holistic contingency
661752637108,ACM000000464,****,Optional modular encryption
662342203843,ACM000000460,****,Progressive mobile architecture
666162665702,ACM000000020,****,Business-focused actuating hierarchy
666162665702,ACM000000920,*****,Pre-emptive value-added portal
666192058022,ACM000000454,*****,Reverse-engineered web-enabled Graphical User Interface
666192058022,ACM000000675,****,Integrated bottom-line hierarchy
667385178610,ACM000000427,****,Distributed real-time archive
669117457763,ACM000000750,****,
674947526594,ACM000000982,*****,Intuitive incremental success
677843107451,ACM000000783,*****,
679375598742,ACM000000063,*****,Managed systemic challenge
680233331437,ACM000000020,*****,Profit-focused value-added benchmark
681531865986,ACM000000135,****,Virtual grid-enabled frame
686477111918,ACM000000385,***,Re-engineered context-sensitive monitoring
688543306543,ACM000000567,*****,
690714655257,ACM000000003,****,
702312670197,ACM000000475,***,Automated systemic product
702358582213,ACM000000306,****,Customizable client-server adapter
702876742580,ACM000000182,*****,
703024730323,ACM000000273,****,
703166403051,ACM000000867,****,Profit-focused fault-tolerant toolset
707389676395,ACM000000569,****,
708155274261,ACM000000940,*,Business-focused hybrid open architecture
708751997004,ACM000000881,*,
711517048931,ACM000000920,****,
713226489270,ACM000000125,***,Organic directional conglomeration
713226489270,ACM000000971,*****,Intuitive multi-tasking alliance
716474492730,ACM000000204,****,Expanded needs-based knowledge base
725574958599,ACM000000409,****,Multi-lateral system-worthy local area network
725574958599,ACM000000486,*****,
729181151587,ACM000000924,****,Integrated tertiary neural-net
729186585224,ACM000000203,****,
729186585224,ACM000000541,****,Reactive asymmetric service-desk
730232926532,ACM000000329,*****,
735213772447,ACM000000877,****,Team-oriented fresh-thinking Graphic Interface
739627173803,ACM000000275,****,Re-contextualized 24/7 architecture
744950982554,ACM000000809,*****,Total well-modulated architecture
746390838212,ACM000000093,****,
746436838461,ACM000000268,****,
748180018177,ACM000000763,***,Total grid-enabled matrix
750329835775,ACM000000375,**,Integrated multi-tasking collaboration
750329835775,ACM000000520,****,
751847278623,ACM000000490,*****,Synergized actuating success
754955581081,ACM000000455,***,
755938167902,ACM000000546,***,Persevering coherent throughput
756572939494,ACM000000061,*****,
758217861679,ACM000000223,****,Grass-roots object-oriented flexibility
761609770712,ACM000000116,***,Focused composite time-frame
761992414414,ACM000000322,****,
761992414414,ACM000000363,****,
762345631822,ACM000000611,***,Customizable 24 hour leverage
768649514024,ACM000000990,****,Operative executive support
775209071244,ACM000000316,***,Triple-buffered modular policy
775214336512,ACM000000973,***,Universal asynchronous core
778910867812,ACM000000278,****,Compatible exuding alliance
778910867812,ACM000000388,****,
784958854100,ACM000000253,*****,
786215422764,ACM000000902,****,Seamless upward-trending conglomeration
786507849738,ACM000000669,*****,Decentralized cohesive contingency
788551045975,ACM000000174,****,Down-sized 4th generation knowledge user
789063008696,ACM000000860,*****,Persistent transitional instruction set
789586033800,ACM000000950,****,
790070031478,ACM000000265,*,Switchable radical portal
792212122430,ACM000000167,*****,
797600339977,ACM000000254,***,Horizontal didactic system engine
797600339977,ACM000000591,****,
797907117519,ACM000000724,***,
797907117519,ACM000000861,****,Stand-alone content-based capability
799071359342,ACM000000197,****,User-centric local challenge
799071359342,ACM000000366,***,
799071359342,ACM000000600,*****,Front-line incremental conglomeration
803071639172,ACM000000788,*****,Visionary tangible policy
803075033221,ACM000000545,*****,
805260705176,ACM000000009,*****,Secured tangible workforce
808830789638,ACM000000985,****,
810107822512,ACM000000003,*****,
810107822512,ACM000000615,*****,Ameliorated homogeneous intranet
811257538787,ACM000000398,****,Stand-alone composite extranet
811527637521,ACM000000399,*****,Monitored grid-enabled standardization
811527637521,ACM000000968,*****,Cross-group intermediate paradigm
811600931835,ACM000000273,***,
813890886058,ACM000000255,*****,
813890886058,ACM000000534,****,
813890886058,ACM000000963,***,Re-engineered executive project
814369673427,ACM000000374,***,
817223980227,ACM000000492,***,Expanded heuristic time-frame
817782375474,ACM000000755,*****,Front-line value-added Graphical User Interface
817782375474,ACM000000997,****,
821470911894,ACM000000241,****,Ameliorated content-based attitude
821470911894,ACM000000309,****,Pre-emptive content-based workforce
821739574960,ACM000000995,***,
821846373472,ACM000000845,***,User-friendly value-added standardization
826824695081,ACM000000374,****,
828039292832,ACM000000795,****,Compatible bifurcated intranet
829371559847,ACM000000362,*****,User-friendly discrete superstructure
829371559847,ACM000000421,****,Re-contextualized next generation application
829371559847,ACM000000444,****,
835829908111,ACM000000071,****,Universal secondary portal
835829908111,ACM000000157,****,Operative analyzing archive
835829908111,ACM000000861,****,Ergonomic web-enabled frame
839046712364,ACM000000645,*****,
840826533390,ACM000000623,*,Fundamental scalable capacity
840826533390,ACM000000657,*****,Ergonomic high-level Graphical User Interface
845960286540,ACM000000398,***,
846979795409,ACM000000328,***,Multi-tiered 6th generation interface
846979795409,ACM000000472,*****,
849748021789,ACM000000387,*****,
864899211182,ACM000000521,****,
864899211182,ACM000000834,***,
864899211182,ACM000000956,****,
864983347807,ACM000000622,****,
866124892994,ACM000000218,*****,Centralized explicit success
866124892994,ACM000000766,***,
873581036466,ACM000000988,****,Future-proofed interactive software
874166543375,ACM000000969,****,Upgradable full-range capacity
874940942062,ACM000000068,**,Reduced bi-directional workforce
874940942062,ACM000000917,*,
877659934941,ACM000000094,***,Reverse-engineered fault-tolerant infrastructure
877659934941,ACM000000788,*****,Optimized 5th generation complexity
877993877038,ACM000000789,****,Virtual 4th generation frame
878414659908,ACM000000423,***,
878735979765,ACM000000188,*****,
878735979765,ACM000000872,*****,
879430384740,ACM000000322,*****,
879430384740,ACM000000501,*****,Multi-tiered disintermediate paradigm
879430384740,ACM000000985,****,Realigned asymmetric attitude
881802057102,ACM000000402,****,Assimilated 6th generation ability
884560858121,ACM000000262,***,Upgradable 4th generation secured line
888772620285,ACM000000696,***,
888772620285,ACM000000825,***,
889265324962,ACM000000031,*****,
889265324962,ACM000000156,*****,
889265324962,ACM000000311,***,Customer-focused scalable throughput
889962044547,ACM000000844,***,Organized grid-enabled budgetary management
891917204111,ACM000000079,****,Phased discrete superstructure
900868876872,ACM000000342,*****,Organized executive algorithm
900868876872,ACM000000934,*****,Focused empowering array
904116480401,ACM000000897,***,Optimized exuding interface
905251798895,ACM000000164,*****,
911422376257,ACM000000521,****,Visionary 24 hour infrastructure
911422376257,ACM000000719,****,
911934141214,ACM000000012,****,
911934141214,ACM000000741,***,Versatile neutral circuit
912480261853,ACM000000763,****,Triple-buffered well-modulated time-frame
913227522137,ACM000000360,***,Triple-buffered actuating success
913234451928,ACM000000224,*****,
917586112179,ACM000000218,*****,Extended 5th generation open architecture
917637991555,ACM000000644,*****,Reduced 3rd generation alliance
923905925963,ACM000000435,****,Profound discrete monitoring
925673080708,ACM000000442,*****,
925673080708,ACM000000867,****,
925859673082,ACM000000832,*,Innovative encompassing flexibility
930352817524,ACM000000825,****,Decentralized zero administration parallelism
938703249930,ACM000000585,**,De-engineered zero defect moderator
939745241543,ACM000000122,***,Phased interactive time-frame
940746727949,ACM000000464,**,Team-oriented didactic solution
942453155160,ACM000000407,****,
942512381349,ACM000000213,****,Reverse-engineered even-keeled synergy
942512381349,ACM000000580,***,
942512381349,ACM000000832,*****,Multi-layered impactful complexity
946822656227,ACM000000112,*****,
946822656227,ACM000000908,**,
948141048940,ACM000000067,*****,Operative tertiary budgetary management
948950927771,ACM000000960,****,Reverse-engineered national throughput
950185774689,ACM000000040,**,Phased neutral open system
953879318935,ACM000000101,****,Adaptive 24 hour adapter
953879318935,ACM000000736,****,Universal 5th generation collaboration
954545369109,ACM000000409,****,Diverse next generation info-mediaries
954545369109,ACM000000803,****,Cloned responsive database
954863674023,ACM000000486,***,Function-based user-facing Graphic Interface
957470900443,ACM000000260,*****,Object-based dynamic moderator
960915197161,ACM000000545,****,Configurable bifurcated process improvement
960915197161,ACM000000629,*****,
961729482812,ACM000000876,****,Centralized impactful moratorium
962848040821,ACM000000848,*****,
963350791469,ACM000000361,****,Fundamental systemic info-mediaries
963350791469,ACM000000568,****,Inverse zero tolerance attitude
972977718077,ACM000000545,**,Object-based maximized approach
978471950304,ACM000000052,****,Fundamental 6th generation knowledge user
980177731725,ACM000000081,***,Configurable optimizing installation
980810324465,ACM000000276,****,Streamlined maximized software
982297098610,ACM000000408,****,Integrated discrete hierarchy
982728830791,ACM000000218,***,Business-focused modular ability
985650004111,ACM000000234,****,Enhanced scalable help-desk
985650004111,ACM000000602,****,Diverse value-added archive
989521981752,ACM000000352,*****,Multi-tiered human-resource standardization
993192907432,ACM000000988,**,
993326349428,ACM000000941,***,Cross-platform system-worthy standardization
994380254010,ACM000000423,*****,Fundamental explicit portal
